ingridient,Vitamin A,Vitamin C,Calcium,Iron,Vitamin D (D2 + D3),Vitamin E,Vitamin K,Thiamin,Riboflavin,Niacin,Vitamin B-6,Folate,Vitamin B-12,Biotin,Pantothenic acid,Phosphorus,Iodine,Magnesium,Zinc,Selenium,Copper,Manganese,Chromium,Molybdenum,Chloride,Potassium,Choline,Total lipid (fat),Saturated fat,Cholesterol,Carbohydrate,Sodium,Fiber,Protein,Total sugars
pot pie,4.03,1.67,13.67,9.5,1.5,0,0,16.9,14.2,16.56,15.9,12.25,30.0,0,0,40.8,0,3.81,14.55,14.18,0,0,0,0,0,3.68,5.27,19.71,0,7.33,8.71,16.26,7.14,12.56,0
persimmon,3.6,4.44,7.33,2.33,0,0,0,5.6,5.7,1.49,23.9,2.75,0,0,0,18.0,0,5.71,2.73,3.45,0,0,0,0,0,9.13,3.67,0.85,0,0,34.93,0.13,34.29,2.17,0
meatloaf,14.73,1.22,0,5.33,0,0,0,0,0,0,0,0,0,0,0,0,0,0,0,0,0,0,0,0,0,0,0,20.38,0,16.33,1.29,15.0,0,20.0,0
grape,0,22.56,0,0,0,0,0,0,0,0,0,0,0,0,0,0,0,0,0,0,0,0,0,0,0,0,0,0,0,0,4.8,0.13,0,0,0
shallot,0.13,8.89,12.33,6.67,0,0,0,6.0,2.0,1.25,34.5,8.5,0,0,5.8,24.0,0,5.0,3.64,2.18,0,14.6,0,0,0,7.11,2.05,0.13,0,0,6.11,0.52,11.43,3.52,0
vanilla,6.07,0,39.0,1.89,1.5,0,0,4.1,16.7,0.51,4.5,2.25,19.5,0,0,42.0,0,2.62,4.27,6.36,0,0,0,0,0,3.34,4.73,20.77,0,30.67,8.11,2.65,0,4.93,0
sauce,0,0,0,0,0,0,0,0,0,0,0,0,0,0,0,0,0,0,0,0,0,0,0,0,0,0,0,0,0,0,8.07,186.09,0,0,0
beef shank,0,0,6.67,12.89,0,0,0,10.0,22.0,35.88,47.0,2.0,166.5,0,7.0,81.6,0,3.33,63.09,32.18,0,0.7,0,0,0,8.23,0,4.94,0,13.0,0,2.74,0,30.7,0
marinade,0,0,0,0,0,0,0,0,0,0,0,0,0,0,0,0,0,0,0,0,0,0,0,0,0,0,0,42.69,0,0,2.43,63.91,0,0,0
ground beef,0,0,6.0,8.94,0,0,0,0,0,0,0,0,0,0,0,0,0,0,0,0,0,0,0,0,0,0,0,34.36,0,25.33,0,2.91,0,21.41,0
idaho,0,0,4.67,4.06,0,0,0,0,0,0,0,0,0,0,0,0,0,0,0,0,0,0,0,0,0,8.91,0,0,0,0,6.4,0,5.0,2.86,0
lamb,0,0,0,8.06,0,0,0,0,0,0,0,0,0,0,0,0,0,0,0,0,0,0,0,0,0,0,0,26.28,0,23.67,0,3.3,0,23.94,0
bass,1.07,0,7.33,6.22,21.5,0,0,21.6,16.0,14.02,28.6,10.25,11.5,0,0,68.0,0,8.57,4.09,56.18,0,0,0,0,0,4.66,9.65,17.55,0,12.33,4.26,17.17,1.79,22.44,0
scallop,0.1,0,6.33,6.56,0,0,0,15.0,8.4,9.59,6.3,11.75,47.0,0,0,110.8,0,5.24,7.64,23.27,0,0,0,0,0,3.83,10.24,16.08,0,8.33,5.14,20.26,1.79,15.61,0
buffalo,178.67,0,356.67,0,0,0,0,0,0,0,0,0,0,0,0,0,0,0,0,0,0,0,0,0,0,2.28,0,68.72,0,53.67,1.3,39.13,0,50.28,0
rack of lamb,0.23,0,2.67,7.56,0.5,0,0,6.2,17.2,31.37,23.7,0,51.5,0,11.68,74.4,0,5.24,19.73,5.09,0,0.4,0,0,0,6.89,0,12.77,0,20.67,0.02,2.7,0,28.03,0
anchovy,0.4,0,77.33,25.72,8.5,0,0,7.8,36.3,124.39,20.3,3.25,44.0,0,0,100.8,0,16.43,22.18,123.82,0,0,0,0,0,11.57,15.45,12.45,0,28.33,0,159.48,0,40.69,0
bean,0,0.67,8.67,8.89,0,0,0,9.0,10.0,2.69,11.5,5.25,0,0,0,42.0,0,9.52,6.27,14.0,0,0,0,0,0,7.83,2.96,4.74,0,0,5.78,19.26,17.5,7.66,0
salmon,4.4,0.89,4.33,2.67,0,0,0,0,0,0,0,0,0,0,0,0,0,0,0,0,0,0,0,0,0,0,0,10.19,0,15.33,0.96,14.39,2.5,21.41,0
blueberry,0,0,0,0,0,0,0,0,0,0,0,0,0,0,0,0,0,0,0,0,0,0,0,0,0,0,0,0,0,0,23.64,0,0,0,0
lentil,1.23,8.56,8.33,7.89,0,0,0,7.0,6.2,5.04,13.1,15.75,0.5,0,0,31.2,0,5.48,5.36,2.73,0,0,0,0,0,6.21,3.47,7.24,0,0,4.48,16.65,12.14,5.18,0
cake,0,0,8.0,5.89,0,0,0,0,0,0,0,0,0,0,0,0,0,0,0,0,0,0,0,0,0,1.0,0,30.13,0,8.0,20.55,18.43,0,4.97,0
watermelon,0,0,0,0,0,0,0,0,0,0,0,0,0,0,0,0,0,0,0,0,0,0,0,0,0,0,0,0.32,0,0,2.71,0,1.43,1.1,0
bok choy,0,0,20.63,2.44,0,0,0,0,0,0,0,0,0,0,0,12.2,0,3.24,2.49,0,0,9.8,0,0,0,4.85,0,0.3,0,0,1.28,0.62,4.5,1.44,0
vinegar,0,0,2.33,1.11,0,0,0,0,0,0,0,0,0,0,0,3.2,0,1.19,0.36,0.18,0,0,0,0,0,1.55,0,0,0,0,0.34,0.22,0,0,0
halibut,5.87,0,8.0,5.89,0,0,0,0,0,0,0,0,0,0,0,0,0,0,0,0,0,0,0,0,0,0,0,2.26,0,11.67,0,2.3,0,29.01,0
quinoa,0,0,0,21.44,0,0,0,0,0,0,0,0,0,0,0,0,0,0,0,0,0,0,0,0,0,0,0,9.15,0,0,23.38,0,25.36,20.14,0
sugar snap pea,0,0,11.33,4.44,0,0,0,0,0,0,0,0,0,0,0,0,0,0,0,0,0,0,0,0,0,3.87,0,0,0,0,2.89,0,8.21,3.2,0
fish,0.13,0,5.33,4.67,5.0,0,0,12.2,11.6,9.62,7.8,6.0,48.0,0,5.44,76.4,0,5.95,3.82,28.55,0,9.1,0,0,0,3.94,7.78,20.77,0,9.33,7.89,17.48,5.36,15.49,0
louisiana,0,0,30.67,17.67,0,0,0,0,0,0,0,0,0,0,0,0,0,0,0,0,0,0,0,0,0,7.06,0,1.51,0,47.0,0,0,0,24.79,0
tortillas,0,0,47.67,7.17,0,0,0,0,0,0,0,0,0,0,0,0,0,0,0,0,0,0,0,0,0,0,0,2.29,0,0,14.29,0,12.86,5.03,0
trout,1.9,2.0,11.33,6.28,60.5,0,0,22.3,13.8,32.87,24.5,11.25,148.5,0,0,78.0,0,5.71,4.45,38.36,0,0,0,0,0,6.62,10.24,21.63,0,17.0,4.26,16.61,1.79,24.06,0
jerusalem artichoke,0.03,4.44,4.67,18.89,0,0,0,20.0,6.0,8.12,7.7,3.25,0,0,7.94,31.2,0,4.05,1.09,1.27,0,3.0,0,0,0,9.13,5.45,0.01,0,0,6.33,0.17,5.71,2.82,0
prosciutto,0,0,0,5.94,285.0,0,0,0,0,0,0,0,0,0,0,0,0,0,0,0,0,0,0,0,0,12.15,0,16.03,0,29.67,0,103.91,0,40.28,0
sparkling wine,0,0,3.0,1.67,0,0,0,0.4,1.4,0.66,4.4,0.25,0,0,0,6.8,0,2.38,1.0,0.18,0,0,0,0,0,1.57,0.8,0,0,0,0.84,0.22,0,0.1,0
spinach,215.67,31.33,31.33,17.67,0,0,0,0,0,0,0,47.0,0,0,0,0,0,0,0,0,0,0,0,0,0,0,0,0,0,0,1.28,3.57,8.57,4.97,0
pineapple,0,0,12.0,3.56,0,0,0,0,0,0,0,0,0,0,0,0,0,0,0,0,0,0,0,0,0,0,0,0,0,0,28.58,0.78,15.36,0,0
swordfish,1.8,0,5.0,5.44,73.0,0,0,16.3,10.2,55.07,55.0,6.75,81.0,0,0,113.2,0,8.1,7.18,113.09,0,0,0,0,0,9.68,13.27,15.15,0,25.67,2.83,15.13,1.07,30.83,0
eggplant,0.23,7.89,11.67,9.39,0,0,0,23.0,12.3,10.15,19.5,9.75,0,0,0,65.6,0,19.76,12.36,17.64,0,0,0,0,0,5.62,2.0,19.21,0,0,2.96,9.09,13.93,6.76,0
poultry,0.03,0,3.33,0.5,0,0,0,2.4,5.3,1.78,2.5,0.5,0,0,0,8.0,0,0.71,0.73,0.73,0,0,0,0,0,0.89,0.67,3.36,0,1.67,1.92,16.91,0.36,1.0,0
sweet potato,176.33,5.33,8.67,3.22,0,0,0,0,0,0,0,0,0,0,0,0,0,0,0,0,0,0,0,0,0,0,0,1.64,0,4.67,5.96,7.52,6.79,7.68,0
yam,4.43,19.11,6.67,2.67,0,0,0,0,0,0,0,0,0,0,0,0,0,0,0,0,0,0,0,0,0,0,0,0,0,0,10.18,0.39,14.29,1.87,0
vodka,0,0,0,0.22,0,0,0,0.6,0.4,0.08,0.1,0,0,0,0,1.6,0,0,0.36,0,0,0,0,0,0,0.04,0,0,0,0,0,0.04,0,0,0
tequila,0,0,0,0.22,0,0,0,0.6,0.4,0.08,0.1,0,0,0,0,1.6,0,0,0.36,0,0,0,0,0,0,0.04,0,0,0,0,0,0.04,0,0,0
corn,0,0,1.0,0,0,0,0,0,0,0,0,0,0,0,0,0,0,0,0,0,0,0,0,0,0,1.45,0,0,0,0,4.65,10.43,2.86,1.13,0
dried fruit,0.83,6.11,13.0,7.22,0,0,0,6.5,8.7,6.29,14.6,2.5,0,0,0,25.6,0,5.71,2.55,1.64,0,0,0,0,0,11.3,2.15,0.79,0,0,28.59,1.39,17.14,3.21,0
lemon juice,0,26.67,0,0,0,0,0,0,0,0,0,0,0,0,0,0,0,0,0,0,0,0,0,0,0,0,0,0,0,0,0,0,0,0,0
rosé,0,0,0,0,0,0,0,0,0,0,0,0,0,0,0,0,0,0,0,0,0,0,0,0,0,0,0,0,0,0,0,0,0,0,0
saffron,0,0,0,0,0,0,0,0,0,0,0,0,0,0,0,0,0,0,0,0,0,0,0,0,0,0,0,0,0,0,0,0,0,0,0
calvados,17.87,0,0,0,0,0,0,0,0,0,0,0,0,0,0,0,0,0,0,0,0,0,0,0,0,0,0,41.15,0,23.67,0.13,18.65,1.43,20.14,0
brandy,0,0,0,0.22,0,0,0,0.6,0.4,0.08,0.1,0,0,0,0,1.6,0,0,0.36,0,0,0,0,0,0,0.04,0,0,0,0,0,0.04,0,0,0
tropical fruit,0,42.89,0,1.44,0,0,0,0,0,0,0,0,0,0,0,0,0,0,0,0,0,0,0,0,0,4.11,0,0,0,0,5.2,0,7.5,1.0,0
cumin,2.13,8.56,310.33,368.89,0,0,0,62.8,32.7,28.62,43.5,2.5,0,0,0,199.6,0,87.14,43.64,9.45,0,166.5,0,0,0,38.09,4.49,28.59,0,0,16.07,7.3,37.5,25.07,0
tamarind,0.07,3.89,24.67,15.56,0,0,0,42.8,15.2,12.11,6.6,3.5,0,0,0,45.2,0,21.9,0.91,2.36,0,0,0,0,0,13.36,1.56,0.77,0,0,22.73,1.22,18.21,3.94,0
caraway,0,0,0,0,0,0,0,0,0,0,0,0,0,0,0,0,0,0,0,0,0,0,0,0,0,0,0,0,0,0,0,0,0,0,0
macadamia nut,0,1.33,28.33,20.5,0,0,0,120.0,16.2,15.44,27.5,2.75,0,0,15.16,75.2,0,30.95,11.82,6.55,0,206.5,0,0,0,7.83,0,97.18,0,0,5.02,0.22,30.71,11.14,0
radicchio,0,6.67,6.67,2.0,0,0,0,0,0,0,0,15.0,0,0,0,22.0,0,2.86,8.18,0,0,0,0,0,0,2.98,0,0,0,0,1.45,1.96,10.71,2.82,0
liqueur,0,0,0,0.22,0,0,0,0.4,0.9,0.05,0.1,0,0,0,0,1.2,0,0,0.27,0.36,0,0,0,0,0,0.04,0,0.14,0,0,12.07,0.04,0,0,0
triple sec,0,0,0,0,0,0,0,0,0,0,0,0,0,0,0,0,0,0,0,0,0,0,0,0,0,0,0,0,0,0,23.02,0,0,0,0
oregano,0,0,0,0,0,0,0,0,0,0,0,0,0,0,0,0,0,0,0,0,0,0,0,0,0,0,0,0,0,0,0,0,0,0,0
guava,0,0,6.67,3.06,0,0,0,0,0,0,0,0,0,0,0,0,0,0,0,0,0,0,0,0,0,5.91,0,0.26,0,0,4.07,0.43,18.57,0.85,0
raspberry,0,0,0,0,0,0,0,0,0,0,0,0,0,0,0,0,0,0,0,0,0,0,0,0,0,0,0,0,0,0,24.25,0,0,0,0
noodle,0,0,0,0,0,0,0,0,0,0,0,0,0,0,0,0,0,0,0,0,0,0,0,0,0,0,0,6.79,0,0,6.91,0,5.0,4.51,0
salad dressing,0,0,0,0,0,0,0,0,0,0,0,0,0,0,0,0,0,0,0,0,0,0,0,0,0,0,0,59.87,0,11.0,4.84,27.52,0,0,0
lemongrass,0,0,7.67,0,0,0,0,0,0,0,0,0,0,0,0,0,0,0,0,0,0,0,0,0,0,0,0,1.36,0,0,2.98,6.3,5.36,1.83,0
cinnamon,0,0,0,0,0,0,0,0,0,0,0,0,0,0,0,0,0,0,0,0,0,0,0,0,0,0,0,0,0,0,0,0,0,0,0
hummus,11.9,9.56,23.67,7.17,0,0,0,0,0,0,0,0,0,0,0,0,0,0,0,0,0,0,0,0,0,0,0,36.67,0,0,7.78,20.17,25.36,10.06,0
oat,0,0,51.67,1.17,8.5,0,0,2.3,0.8,0.35,0.5,0.5,25.0,0,0,8.0,0,1.9,1.73,2.73,0,0,0,0,0,0.38,0.36,2.99,0,0,1.95,1.87,1.79,0.93,0
artichoke,0.03,8.22,7.0,3.39,0,0,0,5.0,8.9,6.94,8.1,22.25,0,0,0,29.2,0,10.0,3.64,0.36,0,0,0,0,0,6.09,6.25,0.44,0,0,4.35,2.61,20.36,4.07,0
tapioca,0,0,0,0,0,0,0,0,0,0,0,0,0,0,0,0,0,0,0,0,0,0,0,0,0,0,0,0,0,0,30.29,0,0,0,0
coriander,0,23.33,236.33,90.56,0,0,0,23.9,29.0,13.31,0,0,0,0,0,163.6,0,78.57,42.73,47.64,0,95.0,0,0,0,27.02,0,22.82,0,0,20.0,1.52,149.64,17.46,0
orange juice,0,27.78,48.67,0,210.0,0,0,0,0,1.04,3.3,6.25,0,0,0,0,0,2.38,0,0,0,0,0,0,0,4.0,0,0,0,0,3.93,0,0,1.17,0
stew,4.4,7.78,4.67,2.56,0,0,0,6.1,9.2,18.11,27.0,3.5,4.5,0,0,37.2,0,4.29,5.36,16.0,0,0,0,0,0,5.34,6.18,3.0,0,12.33,2.29,13.43,4.64,13.01,0
kiwi,2.27,103.56,13.67,1.33,0,0,0,0,0,0,0,0,0,0,0,0,0,0,0,0,0,0,0,0,0,6.62,0,0.87,0,0,5.42,0,9.64,1.9,0
butterscotch,0,0,0,0,0,0,0,0,0,0,0,0,0,0,0,0,0,0,0,0,0,0,0,0,0,0,0,29.87,0,0,26.65,4.35,0,0,0
caramel,0,0,48.33,0,0,0,0,0,0,0,0,0,0,0,0,0,0,0,0,0,0,0,0,0,0,4.94,0,25.64,0,8.33,21.82,2.7,0,7.04,0
low sugar,1.83,1.56,95.0,8.06,15.0,0,0,20.0,48.0,14.12,18.0,6.25,42.5,0,0,132.8,0,30.71,22.45,8.91,0,44.4,0,0,0,12.89,9.11,55.51,0,7.33,13.71,4.83,12.5,17.46,0
turkey,17.67,0,14.0,6.33,0,0,0,0,0,0,0,0,0,0,0,0,0,0,0,0,0,0,0,0,0,0,0,1.63,0,11.33,2.47,22.65,4.64,13.73,0
cardamom,0,0,0,0,0,0,0,0,0,0,0,0,0,0,0,0,0,0,0,0,0,0,0,0,0,0,0,0,0,0,0,0,0,0,0
hamburger,0,0,0,2.33,0,0,0,0,0,0,0,0,0,0,0,0,0,0,0,0,0,0,0,0,0,0,0,4.53,0,8.0,14.98,14.3,12.5,4.97,0
hot pepper,35.67,0,178.67,0,0,0,0,0,0,0,0,0,0,0,0,0,0,0,0,0,0,0,0,0,0,0,0,32.05,0,35.67,2.6,49.57,0,30.14,0
flat bread,0,0,1.0,27.78,0,0,0,24.5,41.4,42.44,58.2,3.0,306.0,0,49.6,91.6,0,7.38,27.27,57.27,0,1.4,0,0,0,5.11,0,0.95,0,23.67,0,6.52,0,31.27,0
cabbage,0.17,0,11.0,13.89,0,0,0,1.0,21.0,6.88,21.3,13.0,0,0,0,9.6,0,3.33,2.0,0.91,0,0,0,0,0,3.21,2.82,0.64,0,0,0.87,21.65,5.71,1.55,0
chili,7.07,0,5.67,3.39,0,0,0,0,0,0,0,0,0,0,0,0,0,0,0,0,0,0,0,0,0,0,0,6.51,0,5.0,2.62,18.22,2.86,9.55,0
olive,0.47,0.44,20.0,18.89,0,0,0,0.8,0.2,0.56,1.4,0.25,0,0,0,1.2,0,1.19,1.09,1.27,0,0,0,0,0,0.36,1.73,38.53,0,0,1.52,36.3,6.43,1.03,0
feta,0,0,0,0,0,0,0,0,0,0,0,0,125.0,0,0,0,0,0,0,0,0,0,0,0,0,0,0,36.67,0,0,3.89,29.52,0,0,0
vegan,0,0,0,0,0,0,0,0,0,0,0,0,0,0,0,0,0,0,1.0,2.91,0,0,0,0,0,0.21,2.65,24.62,0,8.0,5.82,21.61,0,0.42,0
soy,0,0,57.0,28.89,0,0,0,33.3,34.9,18.61,51.3,60.0,0,0,0,2.8,0,40.48,13.64,22.0,0,0,0,0,0,0.15,20.16,9.42,0,0,19.33,36.61,12.5,37.32,0
fennel,2.17,12.89,18.67,4.67,0,0,0,1.0,3.5,4.33,6.7,6.5,0,0,0,22.8,0,4.52,2.09,1.45,0,0,0,0,0,10.04,2.78,4.13,0,0.67,3.03,8.78,12.5,2.0,0
mango,0,0,12.67,0,0,0,0,0,0,0,0,0,0,0,0,0,0,0,0,0,0,0,0,0,0,18.62,0,0,0,0,30.91,0,17.86,3.52,0
parsley,0,0,0,0,0,0,0,0,0,0,0,0,0,0,0,0,0,0,0,0,0,0,0,0,0,0,0,0,0,0,0,0,0,0,0
scotch,0,0,0,0.22,0,0,0,0.6,0.4,0.08,0.1,0,0,0,0,1.6,0,0,0.36,0,0,0,0,0,0,0.04,0,0,0,0,0,0.04,0,0,0
cheese,5.87,0,0,0,0,0,0,0,0,0,0,0,0,0,0,0,0,0,0,0,0,0,0,0,0,0,0,31.54,0,17.67,0.89,26.04,0,29.72,0
strawberry,0,0,0,1.44,0,0,0,0,0,0,0,0,0,0,0,0,0,0,0,0,0,0,0,0,0,1.06,0,7.27,0,0,4.91,0.48,2.5,1.0,0
bitters,0.57,35.44,3.0,2.06,0,0,0,4.9,5.1,1.69,5.6,12.25,0,0,0,14.0,0,3.81,6.82,0.36,0,0,0,0,0,6.57,1.95,3.49,0,0.67,1.52,5.52,6.79,1.15,0
chickpea,1.67,4.0,33.33,34.0,0,0,0,0,0,0,0,0,0,0,0,0,0,0,0,0,0,0,0,0,0,0,0,7.69,0,0,22.18,1.04,60.71,26.76,0
cranberry sauce,0.07,1.11,1.0,2.28,0,0,0,1.5,2.1,0.62,1.4,0.25,0,0,0,1.6,0,0.48,0.27,0.73,0,0,0,0,0,0.6,0.69,0.19,0,0,14.69,0.22,3.93,1.27,0
dill,0.13,2.33,18.0,1.28,0,0,0,4.7,5.7,0.68,3.4,2.0,0,0,4.0,6.4,0,1.69,1.0,0,0,2.8,0,0,0,2.38,0,0.55,0,0,0.72,35.13,3.57,0.68,0
lobster,0.03,0,35.33,1.83,0,0,0,2.2,1.7,11.96,11.8,2.25,67.0,0,0,81.6,0,11.43,40.64,146.36,0,0,0,0,0,5.38,16.18,1.22,0,53.67,0,23.26,0,29.45,0
pine nut,0.03,0.89,5.33,30.72,0,0,0,36.4,22.7,27.42,9.4,8.5,0,0,0,230.0,0,59.76,58.64,1.27,0,0,0,0,0,12.7,10.15,87.65,0,0,4.76,0.09,13.21,19.28,0
bell pepper,0,110.56,2.5,1.03,0,0,0,3.91,8.88,3.98,24.7,5.55,0,0,0,6.72,0,2.14,1.15,0,0,5.0,0,0,0,3.47,0,0.14,0,0,1.74,0,3.36,1.01,0
rutabaga,0,27.33,13.33,2.0,0,0,0,0,0,0,0,0,0,0,0,0,0,0,0,0,0,0,0,0,0,0,0,0,0,0,2.91,0.13,10.71,1.41,0
broccoli,0,0,19.67,4.56,0,0,0,0,0,0,0,0,0,0,0,0,0,0,0,0,0,0,0,0,0,4.51,0,0,0,0,1.71,1.04,12.5,3.31,0
fry,0.6,1.11,3.33,1.33,1.0,0,0,1.0,5.6,2.24,4.6,1.5,4.5,0,0,8.8,0,0.95,1.45,3.45,0,0,0,0,0,1.81,5.24,72.0,0,10.67,2.65,20.91,0.36,1.38,0
cilantro,0,0,0,0,0,0,0,0,0,0,0,0,0,0,0,0,0,0,0,0,0,0,0,0,0,0,0,0,0,0,0,0,0,0,0
fig,0,0,5.0,0,0,0,0,0,0,0,0,0,0,0,0,0,0,0,0,0,0,0,0,0,0,2.23,0,0,0,0,23.64,0.22,0,0,0
pork rib,0.23,0.22,14.0,4.61,4.0,0,0,32.6,24.7,34.25,30.9,0.25,25.5,0,0,48.4,0,3.81,19.82,41.27,0,0,0,0,0,5.02,10.31,19.38,0,19.33,4.41,29.48,1.07,22.85,0
mayonnaise,0,0,0,0,0,0,0,0,0,0,0,0,0,0,0,0,0,0,0,0,0,0,0,0,0,0,0,98.59,0,12.67,0,23.39,0,0,0
basil,0,0,0,0,0,0,0,0,0,0,0,0,0,0,0,0,0,0,0,0,0,0,0,0,0,0,0,0,0,0,0,0,0,0,0
buttermilk,1.2,1.11,40.0,0.06,2.5,0,0,4.8,19.6,0.8,3.9,1.25,11.0,0,0,36.8,0,2.62,3.91,3.64,0,0,0,0,0,3.36,3.22,1.38,0,1.67,1.75,4.0,0,4.87,0
veal,1.43,1.56,4.67,5.83,2.5,0,0,9.9,26.7,33.32,40.1,5.5,80.0,0,0,56.8,0,5.71,10.55,32.55,0,0,0,0,0,4.49,15.98,10.95,0,18.33,2.45,6.39,1.79,25.1,0
taco,0.1,0,31.67,9.83,0,0,0,15.0,10.6,9.38,10.3,6.75,20.0,0,4.1,41.2,0,6.43,10.64,13.09,0,12.8,0,0,0,4.87,0,11.76,0,6.33,5.49,15.78,10.71,9.42,0
white wine,0,0,3.0,1.5,0,0,0,0.5,1.5,0.68,5.0,0.25,0,0,0,7.2,0,2.38,1.09,0.18,0,0,0,0,0,1.51,0.78,0,0,0,0.95,0.22,0,0.1,0
fortified wine,0,0,2.33,1.22,0,0,0,0.3,1.4,0.62,3.2,0.25,0,0,0,4.8,0,1.67,1.09,0.18,0,0,0,0,0,1.28,0.55,0,0,0,0.59,0.48,0,0.06,0
wasabi,0.1,0,13.67,2.78,0,0,0,5.0,7.0,1.0,5.0,2.5,0,0,0,10.4,0,5.0,5.55,4.0,0,6.85,0,0,0,3.87,0.42,13.97,0,0,16.76,147.39,21.79,3.14,0
whole wheat,0,0,47.67,28.56,0,0,0,0,0,0,0,0,0,0,0,0,0,0,0,0,0,0,0,0,0,0,0,0,0,0,6.51,13.83,0,20.14,0
nectarine,0.7,3.22,0.67,1.67,0,0,0,3.4,2.7,7.0,2.5,1.5,0,0,0,10.4,0,2.14,1.91,0,0,0,0,0,0,2.79,1.13,0.36,0,0,3.34,0.57,5.36,1.49,0
pomegranate,0,6.89,2.67,0,0,0,0,0,0,0,0,0,0,0,0,0,0,0,0,0,0,0,0,0,0,0,0,0,0,0,4.4,0.65,0,0,0
egg nog,1.43,1.0,39.33,0,0,0,0,0,0,0,0,0,0,0,0,0,0,0,0,0,0,0,0,0,0,0,0,8.08,0,15.67,6.0,2.91,0,5.55,0
rice,2.3,2.78,9.33,10.44,0,0,0,0,0,0,0,0,0,0,0,0,0,0,0,0,0,0,0,0,0,0,0,3.12,0,0,9.6,20.22,5.0,4.89,0
sage,0,0,0,0,0,0,0,0,0,0,0,0,0,0,0,0,0,0,0,0,0,0,0,0,0,0,0,0,0,0,0,0,0,0,0
barley,0.8,0,3.67,7.11,0.5,0,0,8.0,6.0,12.44,14.6,4.0,0,0,0,21.2,0,5.0,7.18,15.09,0,0,0,0,0,1.91,2.44,3.51,0,1.33,9.9,8.65,13.21,3.1,0
pasta,0,5.0,12.67,28.28,0,0,0,0,0,0,0,0,0,0,0,0,0,0,0,0,0,0,0,0,0,0,0,3.63,0,0,24.0,79.57,13.57,15.92,0
muffin,0,0,0,4.0,0,0,0,0,0,0,0,0,0,0,0,0,0,0,0,0,0,0,0,0,0,0,0,3.85,0,0,12.0,6.96,3.57,4.23,0
protein,0,0,59.33,80.56,0,0,0,17.6,10.0,9.0,10.0,44.0,0,0,1.2,310.4,0,9.29,36.64,1.45,0,74.5,0,0,0,1.72,34.73,4.35,0,0,0,43.48,0,124.37,0
hominy,2.67,0,0,1.61,0,0,0,0,0,0,0,0,0,0,0,0,0,0,0,0,0,0,0,0,0,0,0,0,0,0,4.36,18.78,2.86,1.13,0
cornmeal,0,0,0,13.56,0,0,0,0,0,0,0,0,0,0,0,0,0,0,0,0,0,0,0,0,0,6.85,0,3.13,0,0,28.36,0,26.07,10.31,0
masa,12.13,0,36.33,0,0,0,0,0,0,9.12,0,3.75,0,0,0,0,0,0,0,0,0,0,0,0,0,0,0,3.5,0,0,18.51,0,0,10.24,0
citrus,0,27.78,2.67,0,0,0,0,0,0,0,0,0,0,0,0,0,0,0,0,0,0,0,0,0,0,0.09,0,0,0,0,4.11,0.43,0,0,0
cranberry,0,27.78,0,0.83,0,0,0,0,0,0,0,0,0,0,0,0,0,0,0,0,0,0,0,0,0,0,0,0,0,0,4.55,0.65,0,0,0
lime juice,0,37.0,0,0,0,0,0,0,0,0,0,0,0,0,0,0,0,0,0,0,0,0,0,0,0,2.13,0,0,0,0,2.43,0,0,0,0
root vegetable,0,3.33,13.67,4.44,0,0,0,1.0,3.0,1.88,24.0,5.75,0,0,6.42,20.4,0,9.05,3.0,1.27,0,11.6,0,0,0,6.55,2.13,0.19,0,0,6.29,0.22,11.79,2.15,0
honey,0,0.56,2.0,2.33,0,0,0,0,3.8,0.76,2.4,0.5,0,0,1.36,1.6,0,0.48,2.0,1.45,0,4.0,0,0,0,1.11,0.4,0,0,0,29.96,0.17,0.71,0.42,0
wild rice,0,0,14.0,12.5,0,0,0,0,0,0,0,0,0,0,0,0,0,0,0,0,0,0,0,0,0,0,0,1.33,0,0,27.27,0,22.14,20.56,0
almond,0,0,87.67,22.67,0,0,0,9.4,93.3,24.29,8.3,10.5,0,0,0,201.6,0,63.33,28.73,1.45,0,0,0,0,0,15.77,9.42,67.59,0,0,7.68,10.09,34.29,29.11,0
poppy,1.7,0.33,19.67,1.39,0.5,0,0,2.4,5.8,0.29,2.2,0.75,4.5,0,0,19.6,0,2.14,2.27,2.18,0,0,0,0,0,1.3,1.09,42.73,0,5.0,8.63,40.57,1.07,1.3,0
boston,0,0.22,41.67,20.0,0,0,0,41.1,25.2,34.94,11.1,24.75,0,0,0,51.6,0,9.76,9.45,52.36,0,0,0,0,0,3.0,3.4,5.81,0,0,17.29,19.57,14.29,15.03,0
beet,0.07,2.56,3.67,2.28,0,0,0,1.0,4.8,1.57,5.0,6.75,0,0,0,6.8,0,3.57,2.36,1.82,0,0,0,0,0,2.45,2.73,0.1,0,0,5.92,6.48,2.86,1.13,0
cucumber,0.1,2.78,4.67,0.39,0,0,0,2.1,2.4,0.45,3.7,1.5,0,0,0,7.6,0,1.9,1.36,0.55,0,0,0,0,0,2.91,0.78,0.17,0,0,2.47,10.26,1.79,0.7,0
cream cheese,0,0,23.67,0,0,0,0,0,0,0,0,0,0,0,0,0,0,0,0,0,0,0,0,0,0,0,0,41.15,0,35.67,2.6,14.74,0,10.06,0
sangria,0,3.89,0,0,0,0,0,0,0,0,0,0,0,0,0,0,0,0,0,0,0,0,0,0,0,0,0,0,0,0,36.36,9.74,0,0,0
sodium,0.87,4.56,5.0,1.94,0,0,0,1.1,16.6,8.94,15.8,2.25,0,0,0.94,10.4,0,3.1,1.55,1.27,0,4.2,0,0,0,5.98,2.27,0.13,0,0,9.96,0.87,1.07,1.46,0
seafood,0.83,11.78,6.0,6.67,0,0,0,12.8,8.7,14.26,10.8,12.25,62.0,0,0,34.8,0,3.33,6.27,20.18,0,0,0,0,0,2.38,4.29,6.1,0,8.33,5.98,26.48,2.5,11.31,0
asparagus,0,0,8.0,13.06,0,0,0,0,0,0,0,0,0,0,0,0,0,0,0,0,0,0,0,0,0,4.3,0,0,0,0,1.28,0,8.57,3.31,0
gin,0,0,0,0.22,0,0,0,0.6,0.4,0.08,0.1,0,0,0,0,1.6,0,0,0.36,0,0,0,0,0,0,0.04,0,0,0,0,0,0.04,0,0,0
pickles,0,0,0,0,0,0,0,0,0,0,0,0,0,0,0,0,0,0,0,0,0,0,0,0,0,0,0,0,0,0,1.45,52.17,0,0,0
tarragon,0,0,0,0,0,0,0,0,0,0,0,0,0,0,0,0,0,0,0,0,0,0,0,0,0,0,0,0,0,0,0,0,0,0,0
paprika,1666.67,0,0,0,0,0,0,0,0,0,0,0,0,0,0,0,0,0,0,0,0,0,0,0,0,0,0,0,0,0,0,0,0,0,0
tofu,0,0,0,0,0,0,0,0,0,0,0,0,0,0,0,0,0,0,0,0,0,0,0,0,0,0,0,0,0,0,0,0,0,0,0
cherry,33.33,0,13.33,8.0,0,0,0,0,0,0,0,0,0,0,0,0,0,0,0,0,0,0,0,0,0,0,0,25.64,0,0,15.27,8.7,7.14,5.63,0
snapper,0,0,10.67,0,2000.0,0,0,0,0,0,0,0,0,0,0,0,0,0,0,0,0,0,0,0,0,8.87,0,1.88,0,12.67,0,2.83,0,29.01,0
escarole,0,0,15.67,0,0,0,0,0,0,0,0,0,0,0,0,0,0,0,0,0,0,0,0,0,0,6.77,0,0,0,0,1.28,1.04,12.5,1.66,0
blackberry,3.57,8.89,0.67,233.33,0,0,0,0,0,0,0,0,0,0,0,0,0,0,0,0,0,0,0,0,0,0,0,0.37,0,0,1.8,0,6.07,0.82,0
raw,1.13,29.67,12.33,0.83,0,0,0,5.8,3.6,2.35,7.8,4.0,0,0,0,8.0,0,2.86,0.64,0.18,0,0,0,0,0,3.53,1.85,0.4,0,0,4.85,0.09,6.43,1.14,0
sandwich,6.47,0,53.67,9.67,0,0,0,0,0,0,0,0,0,0,0,0,0,0,0,0,0,0,0,0,0,0,0,14.87,0,9.67,9.38,30.87,4.64,10.0,0
pancake,0,0,5.67,12.89,0,0,0,26.2,2.5,14.87,8.8,38.5,0,0,0,24.8,0,3.57,5.64,15.64,0,0,0,0,0,1.32,0.6,0.49,0,0,16.5,0.22,2.5,5.7,0
lamb chop,0,0,6.67,10.5,0.5,0,0,10.4,26.3,43.25,14.4,5.25,124.0,0,0,83.6,0,6.19,34.36,54.36,0,0,0,0,0,7.43,18.22,20.86,0,32.33,0,16.83,0,38.54,0
tomato,0,0,0,0,0,0,0,0,0,0,0,0,0,0,0,0,0,0,0,0,0,0,0,0,0,0,0,0,0,0,0,0,0,0,0
milk,4.17,0,34.67,0,125.0,0,0,0,0,0,0,0,0,0,0,0,0,0,0,0,0,0,0,0,0,2.49,0,4.27,0,5.0,1.97,2.43,0,5.28,0
cream,4.0,0.89,30.33,0.28,220.0,0,0,2.3,19.0,0.56,4.4,0.5,7.0,0,8.8,36.8,0,2.14,2.91,8.36,0,0.25,0,0,0,2.89,3.16,24.49,0,19.67,1.33,3.13,0,4.17,0
coffee grinder,0,0,0.67,0.06,0,0,0,1.4,7.6,1.19,0.1,0.5,0,0,0,1.2,0,0.71,0.18,0,0,0,0,0,0,1.04,0.47,0.03,0,0,0,0.09,0,0.17,0
sour cream,0,0,23.67,0,0,0,0,0,0,0,0,0,0,0,0,0,0,0,0,0,0,0,0,0,0,0,0,22.95,0,23.67,2.6,3.87,0,0,0
waffle,0,0,0,0,0,0,0,0,0,0,0,0,0,0,0,0,0,0,0,0,0,0,0,0,0,0,0,39.87,0,9.67,21.82,15.48,2.5,6.25,0
ricotta,3.9,0,82.67,1.5,1.0,0,0,3.2,25.6,0.77,6.0,2.0,27.0,0,0,68.8,0,4.29,8.64,20.18,0,0,0,0,0,3.79,3.07,12.13,0,13.33,2.18,4.43,0,13.52,0
cheddar,0,0,238.0,0,0,0,0,0,0,0,0,0,0,0,0,0,0,0,0,0,0,0,0,0,0,0,0,41.15,0,29.67,0,27.96,0,35.21,0
cookie,0,0,43.33,8.72,0,0,0,0,0,0,0,0,0,0,0,0,0,0,0,0,0,0,0,0,0,0,0,22.31,0,0,17.38,19.87,7.86,30.56,0
salad,11.83,43.89,22.0,5.28,0,0,0,0,0,0,0,0,0,0,0,0,0,0,0,0,0,0,0,0,0,0,0,5.91,0,0,9.82,7.74,9.29,3.7,0
cauliflower,0,0,8.0,3.28,0,0,0,0,0,0,0,0,0,0,0,0,0,0,0,0,0,0,0,0,0,4.0,0,0,0,0,1.71,1.04,8.57,3.31,0
rub,0,0,0,0,0,0,0,0,0,0,0,0,0,0,0,0,0,0,0,0,0,0,0,0,0,0,0,0,0,0,18.18,513.04,0,0,0
sorbet,0,5.78,1.0,0.94,0,0,0,0.6,0.9,0.51,1.3,0.75,0,0,0,1.2,0,0.48,0.36,0.36,0,0,0,0,0,0.6,0.73,0.06,0,0,9.86,0.57,1.79,1.11,0
oatmeal,185.33,74.11,111.0,133.33,0,0,0,0,0,0,0,0,0,0,0,0,0,0,0,0,0,0,0,0,0,0,0,8.55,0,0,24.25,0.48,31.79,0,0
onion,2.6,0,5.33,19.56,0,0,0,100.0,33.2,29.31,0,0,0,0,0,0,0,0,0,0,0,0,0,0,0,0,0,1.0,0,0,21.6,18.7,8.21,15.35,0
nut,0,0,14.0,33.28,0,0,0,0,0,0,0,0,0,0,0,212.8,0,59.76,46.09,37.64,0,97.5,0,0,0,13.57,0,49.87,0,0,13.2,0.21,14.64,24.51,0
arugula,4.0,16.44,54.0,8.22,0,0,0,0,0,0,0,14.25,0,0,0,0,0,0,0,0,0,0,0,0,0,7.79,0,0.9,0,0,1.28,1.22,5.0,3.97,0
grill,0.37,0,2.67,2.67,0,0,0,0.8,1.8,5.29,9.8,3.75,76.0,0,0,169.6,0,6.67,10.45,29.45,0,0,0,0,0,5.53,15.02,3.71,0,10.67,1.47,17.91,0,21.55,0
sausage,4.43,1.78,9.0,20.0,0,0,0,0,0,0,0,0,0,0,0,0,0,0,0,0,0,0,0,0,0,0,0,22.18,0,13.33,4.36,87.39,4.64,15.07,0
bulgur,0,0,15.0,9.11,0,0,0,0,0,0,0,0,0,0,0,0,0,0,0,0,0,0,0,0,0,0,0,2.91,0,0,24.36,0.48,28.57,17.61,0
endive,3.6,7.22,17.33,4.61,0,0,0,8.0,7.5,2.5,2.0,35.5,0,0,18.0,11.2,0,3.57,7.18,0.36,0,21.0,0,0,0,6.68,3.05,0.26,0,0,1.22,0.96,11.07,1.76,0
cornmeal,0,0,0,13.56,0,0,0,0,0,0,0,0,0,0,0,0,0,0,0,0,0,0,0,0,0,6.85,0,3.13,0,0,28.36,0,26.07,10.31,0
ham,0.43,0,2.67,4.67,3.5,0,0,42.6,19.1,37.84,41.1,0.25,20.0,0,0,110.4,0,4.76,16.73,61.45,0,0,0,0,0,7.89,13.75,4.96,0,18.0,0.57,49.96,0,26.82,0
clam,2.2,17.67,14.33,6.89,1.0,0,0,15.7,10.5,13.74,14.6,5.5,202.0,0,0,62.0,0,4.76,7.09,38.36,0,0,0,0,0,3.94,7.67,10.13,0,8.33,3.75,19.74,3.57,16.62,0
brisket,0.03,0,3.33,15.22,1.0,0,0,7.1,22.2,23.14,35.4,2.0,128.5,0,0,90.8,0,5.24,63.64,49.45,0,0,0,0,0,6.06,19.11,15.44,0,31.33,0,16.39,0,41.42,0
kirsch,0,0,0,0.22,0,0,0,0.4,0.9,0.05,0.1,0,0,0,0,1.2,0,0,0.27,0.36,0,0,0,0,0,0.04,0,0.14,0,0,12.07,0.04,0,0,0
beef,0,0,0,23.56,0,0,0,0,0,0,0,0,0,0,0,0,0,0,0,0,0,0,0,0,0,0,0,7.54,0,17.67,0,9.22,0,28.17,0
papaya,6.0,6.67,50.0,0,0,0,0,0,0,0,0,0,0,0,0,0,0,0,0,0,0,0,0,0,0,0,0,0,0,0,23.64,0.78,35.71,3.52,0
cookies,0,0,0,0,0,0,0,0,0,0,0,0,0,0,0,0,0,0,0,0,0,0,0,0,0,0,0,17.05,0,0,24.87,0,0,10.38,0
lemon,0,4.44,0,0,0,0,0,0,0,0,0,0,0,0,0,0,0,0,0,0,0,0,0,0,0,0,0,38.46,0,0,2.43,34.78,0,0,0
pork chop,0.93,0.33,5.0,4.06,2.0,0,0,44.8,16.3,36.11,41.1,14.25,20.5,0,0,69.6,0,5.24,12.18,73.82,0,0,0,0,0,6.23,10.44,11.59,0,15.33,2.84,18.0,3.57,25.87,0
ground lamb,2.97,0,0,8.94,0,0,0,0,0,0,0,0,0,0,0,0,0,0,0,0,0,0,0,0,0,0,0,26.28,0,25.33,0,3.09,0,23.94,0
mustard,0.13,0.44,21.0,8.83,0,0,0,18.9,6.6,3.51,6.9,1.75,0,0,0,43.2,0,11.43,5.82,61.82,0,0,0,0,0,3.19,4.07,4.33,0,0,1.93,47.83,15.36,5.99,0
turnip,203.67,28.67,38.0,9.06,0,0,0,4.4,8.8,2.43,7.4,10.25,0,0,2.46,9.6,0,4.29,1.45,1.64,0,11.0,0,0,0,1.74,0,0.24,0,0,1.23,0.78,8.57,3.46,0
blue cheese,35.67,0,178.67,0,0,0,0,0,0,0,0,0,0,0,0,0,0,0,0,0,0,0,0,0,0,0,0,22.95,0,18.0,1.3,59.13,12.86,30.14,0
créme de cacao,0.47,0,18.67,0.56,2.5,0,0,3.2,6.6,0.44,2.7,0.25,11.0,0,0,21.2,0,2.14,2.55,2.91,0,0,0,0,0,1.57,1.51,2.03,0,1.67,5.62,0.78,0.71,2.45,0
port,10.5,0,216.67,2.39,105.0,0,0,1.4,24.0,0.38,5.3,4.5,75.0,0,4.2,144.0,0,5.71,23.64,26.36,0,0.55,0,0,0,2.89,2.8,36.15,0,41.0,0.21,23.22,0,33.52,0
parsnip,0.37,14.0,12.0,3.11,0,0,0,8.0,5.0,4.38,10.6,14.0,0,0,0,26.8,0,6.67,2.27,2.91,0,0,0,0,0,7.57,4.8,3.64,0,0.67,5.99,5.7,12.5,1.82,0
tangerine,0,0,0,0,0,0,0,0,0,0,0,0,0,0,0,0,0,0,0,0,0,0,0,0,0,0,0,0,0,0,4.95,0.61,0,0,0
hazelnut,0,0,48.67,24.39,0,0,0,0,0,0,0,0,0,0,0,0,0,0,0,0,0,0,0,0,0,0,0,40.64,0,4.0,20.4,3.17,8.57,10.31,0
duck,0.27,1.0,3.67,2.17,0,0,0,2.3,1.4,1.49,3.2,0.5,0,0,0,3.6,0,1.19,1.91,2.36,0,0,0,0,0,1.85,0.31,0.17,0,0,22.06,30.96,2.14,0.51,0
tart,6.73,0,4.0,24.17,0,0,0,51.9,49.5,38.59,49.5,28.75,0.5,0,0,28.4,0,2.62,3.27,6.18,0,0,0,0,0,1.83,1.53,11.56,0,0,26.12,13.52,6.43,5.65,0
campari,0,0,0,0,0,0,0,0,0,0,0,0,0,0,0,0,0,0,0,0,0,0,0,0,0,0,0,0,0,0,0,0,0,0,0
kahlúa,0,0,0,0,0,0,0,0,0,0,0,0,0,0,0,0,0,0,0,0,0,0,0,0,0,0,0,0,0,0,0,0,0,0,0
capers,0,4.44,0,6.67,0,0,0,0,0,0,0,0,0,0,0,0,0,0,0,0,0,0,0,0,0,0,0,0,0,0,2.43,116.09,23.93,0,0
champagne,0,4.44,2.67,1.39,0,0,0,2.4,1.8,0.84,5.5,1.75,0,0,0,4.4,0,1.9,0.91,0.18,0,0,0,0,0,1.77,0.55,0.08,0,0,4.18,0.17,0.36,0.23,0
raisin,0,6.78,11.33,16.94,0,0,0,0,28.8,21.19,0,0,0,0,0,0,0,0,0,0,0,0,0,0,0,0,0,5.44,0,0,19.09,15.48,12.14,14.37,0
collard greens,215.67,39.22,39.33,0,0,0,0,0,0,0,0,0,0,0,0,0,0,0,0,0,0,0,0,0,0,0,0,0,0,0,2.14,0.78,12.5,3.31,0
leek,3.13,11.78,20.67,12.17,0,0,0,5.6,3.0,2.48,23.6,14.25,0,0,0,14.8,0,6.9,1.18,1.82,0,0,0,0,0,4.0,1.84,3.91,0,0.67,5.36,6.57,6.79,2.21,0
marshmallow,0,0,1.0,0,0,0,0,0,0,0,0,0,0,0,0,0,0,0,0,0,0,0,0,0,0,0.06,0,0,0,0,27.82,0,0,4.14,0
rye,0,0,23.33,16.28,0,0,0,0,0,0,0,0,0,0,0,0,0,0,0,0,0,0,0,0,0,0,0,2.99,0,0,17.75,28.3,20.71,9.83,0
watercress,5.67,34.78,41.67,1.17,0,0,0,8.4,11.9,1.24,14.5,1.75,0,0,0,25.2,0,5.24,1.09,1.64,0,0,0,0,0,7.32,1.75,3.64,0,0.67,0.49,7.52,1.79,3.38,0
brownie,18.07,0,0,10.83,0,0,0,0,0,0,0,0,0,0,0,0,0,0,0,0,0,0,0,0,0,0,0,34.74,0,31.67,18.73,7.65,9.64,3.82,0
peanut,10.1,4.0,20.33,6.06,0,0,0,0,0,0,0,0,0,0,0,0,0,0,0,0,0,0,0,0,0,0,0,35.0,0,5.0,22.04,1.96,10.71,12.8,0
lettuce,10.07,8.89,10.33,1.44,0,0,0,6.6,6.4,2.02,6.2,9.5,0,0,0,9.2,0,2.62,2.36,1.09,0,0,0,0,0,5.3,1.91,0.13,0,0,1.34,1.0,4.64,1.3,0
punch,0,0,0,0,0,0,0,0,0,0,0,0,0,0,0,0,0,0,0,0,0,0,0,0,0,0,0,0,0,0,0,0,0,0,0
pistachio,11.1,4.44,44.33,26.67,0,0,0,0,0,0,100.0,0,0,0,0,200.0,0,47.62,0,0,0,0,0,0,0,0,0,59.87,0,0,9.71,16.65,35.71,28.17,0
dip,0,0,21.67,0,0,0,0,0,0,0,0,0,0,0,0,0,0,0,0,0,0,0,0,0,0,0,0,10.33,0,0,2.35,39.26,0,0,0
spice,0.43,26.0,227.33,109.44,0,0,0,13.1,13.7,14.0,40.0,6.0,0,0,0,47.2,0,32.38,21.55,16.91,0,790.0,0,0,0,14.11,3.78,16.15,0,0,25.2,2.26,52.86,8.11,0
soy sauce,0,0,11.0,8.06,0,0,0,3.3,16.5,13.73,14.8,3.5,0,0,0,66.4,0,17.62,7.91,0.91,0,0,0,0,0,9.26,3.33,0.73,0,0,1.79,238.83,2.86,11.46,0
stock,11.8,1.22,0,0,0,0,0,0,0,0,0,0,0,0,0,0,0,0,0,0,0,0,0,0,0,0,0,1.13,0,0,0.64,15.39,0,0,0
ice cream,10.27,0,41.0,0,0,0,0,0,0,0,0,0,0,0,0,0,0,0,0,0,0,0,0,0,0,3.94,0,13.85,0,12.67,8.95,2.35,0,4.34,0
brine,17.57,0,7.67,25.0,0,0,0,6.0,28.0,73.75,0,0,0,0,0,0,0,0,0,0,0,0,0,0,0,14.89,0,38.46,0,35.67,0,30.13,0,56.2,0
bourbon,0,0,0,23.83,0,0,0,0,0,0,0,0,0,0,0,0,0,34.05,48.73,0,0,50.0,0,0,0,9.13,0,36.67,0,0,19.49,3.87,12.86,15.07,0
pork,0,0,0,7.17,0,0,0,0,0,0,0,0,0,0,0,0,0,0,0,0,0,0,0,0,0,0,0,5.72,0,26.67,0,9.3,0,30.14,0
parmesan,8.73,0,284.33,2.72,105.0,0,0,2.6,35.8,0.5,8.1,1.5,70.0,0,9.0,250.8,0,8.1,38.18,62.55,0,3.55,0,0,0,3.83,2.56,35.64,0,28.67,5.05,78.26,0,40.0,0
lychee,0,79.44,1.67,1.72,0,0,0,1.1,6.5,3.77,10.0,3.5,0,0,0,12.4,0,2.38,0.64,1.09,0,0,0,0,0,3.64,1.29,0.56,0,0,6.01,0.04,4.64,1.17,0
apple,2.17,3.44,0,1.28,0,0,0,0,0,0,0,0,0,0,0,0,0,0,0,0,0,0,0,0,0,2.34,0,0.83,0,0,5.2,0,11.43,0,0
brie,29.77,0,116666.67,19.83,0,0,0,0,0,0,0,0,0,0,0,0,0,0,0,0,0,0,0,0,0,0,0,41.15,0,35.67,0,31.04,0,25.21,0
pepper,6.33,23.33,145.67,160.56,0,0,0,0,0,0,0,0,0,0,0,0,0,0,0,0,0,0,0,0,0,0,0,0,0,0,24.25,0,118.93,0,0
shrimp,0,0,23.67,2.33,0,0,0,0,0,0,0,0,0,0,0,0,0,0,0,0,0,0,0,0,0,0,0,0,0,37.33,0,21.48,0,16.62,0
zucchini,0,14.0,7.0,2.44,0,0,0,0,0,0,0,0,0,0,0,0,0,0,0,0,0,0,0,0,0,4.72,0,0,0,0,1.53,0,3.93,1.48,0
apricot,12.27,19.56,0,0,0,0,0,0,0,0,0,0,0,0,0,0,0,0,0,0,0,0,0,0,0,1.51,0,0,0,0,4.91,0.26,0,0,0
avocado,0.33,0.22,11.33,1.94,0,0,0,2.0,5.0,0.88,1.0,1.0,13.0,0,0,12.4,0,1.67,2.27,2.91,0,0,0,0,0,1.23,0.65,55.55,0,13.33,2.68,37.7,0.36,2.68,0
caviar,9.03,0,91.67,66.0,14.5,0,0,19.0,62.0,0.75,32.0,12.5,1000.0,0,0,142.4,0,71.43,8.64,119.09,0,0,0,0,0,3.85,89.25,22.95,0,196.0,1.45,65.22,0,34.65,0
no meat,0.73,0.67,21.67,11.39,1.5,0,0,8.5,18.0,23.36,27.0,6.0,83.0,0,0,67.6,0,4.52,34.73,30.73,0,0,0,0,0,5.81,12.51,14.15,0,26.0,2.62,18.09,1.43,24.63,0
fat,0,0,0,0,24.0,0,0,0,0,0,0,0,0,0,0,0,0,0,0,0.36,0,0,0,0,0,0,22.18,127.95,0,28.33,0,0,0,0,0
date,0,0.44,13.0,5.67,0,0,0,5.2,6.6,7.96,16.5,4.75,0,0,0,24.8,0,10.24,2.64,5.45,0,0,0,0,0,13.96,1.15,0.5,0,0,27.28,0.09,28.57,3.45,0
currant,0.13,5.22,29.33,10.44,0,0,0,16.0,14.2,10.09,29.6,2.5,0,0,0,39.6,0,8.57,3.36,1.27,0,0,0,0,0,16.53,1.93,0.28,0,0,27.99,1.87,15.71,4.83,0
tomatillo,0.2,13.0,2.33,3.44,0,0,0,4.4,3.5,11.56,5.6,1.75,0,0,3.0,15.6,0,4.76,2.0,0.91,0,7.65,0,0,0,5.7,1.38,1.31,0,0,2.12,0.04,6.79,1.35,0
amaretto,0,0,0,0,0,0,0,0,0,0,0,0,0,0,0,0,0,0,0,0,0,0,0,0,0,0,0,12.82,0,0,12.11,2.91,0,0,0
couscous,0,0,11.0,12.33,0,0,0,0,0,0,0,0,0,0,0,0,0,0,0,0,0,0,0,0,0,4.02,0,0,0,0,28.29,0,15.71,18.73,0
garlic,0,88.89,222.33,0,0,0,0,0,0,0,0,0,0,0,0,0,0,0,0,0,0,0,0,0,0,0,0,0,0,0,12.11,0,0,0,0
condiment,0,0,0,28.56,0,0,0,0,0,0,0,0,0,0,0,0,0,0,0,0,0,0,0,0,0,0,0,0,0,0,22.51,9.3,0,0,0
spread,0,0,17.67,15.78,0,0,0,0,0,0,0,0,0,0,0,0,0,0,0,0,0,0,0,0,0,0,0,43.85,0,0,22.0,8.0,9.29,3.7,0
semolina,0,0,0,19.33,0,0,0,0,0,0,0,0,0,0,0,0,0,0,0,0,0,0,0,0,0,1.77,0,2.78,0,0,28.47,0.96,7.86,15.35,0
tilapia,0,0,2.33,2.83,0,0,0,0,0,0,0,0,0,0,0,0,0,0,0,0,0,0,0,0,0,4.72,0,2.26,0,16.33,0,2.3,0,27.75,0
rosemary,0,0,0,0,0,0,0,0,0,0,0,0,0,0,0,0,0,0,0,0,0,0,0,0,0,0,0,0,0,0,0,0,0,0,0
potato salad,0,0,2.67,7.94,0,0,0,0,0,0,0,0,0,0,0,0,0,0,0,0,0,0,0,0,0,6.64,0,14.62,0,2.33,5.45,11.48,7.5,2.01,0
walnut,0,0,69.0,20.67,0,0,0,0,0,0,0,0,0,0,0,0,0,0,0,0,0,0,0,0,0,0,0,48.59,0,5.67,13.78,2.26,24.64,14.51,0
chard,10.5,24.33,18.0,10.44,0,0,0,3.8,8.9,2.48,11.5,2.75,0,0,0,19.2,0,20.0,3.45,1.64,0,0,0,0,0,8.4,3.45,3.78,0,0.67,1.42,15.3,6.07,2.65,0
meat,0,0,6.0,3.56,0,0,0,0,0,0,0,0,0,0,0,0,0,0,0,0,0,0,0,0,0,0,0,14.87,0,19.33,0,9.7,0,25.21,0
one-pot meal,0,0,35.33,5.44,0,0,0,0,0,0,0,0,0,0,0,0,0,0,0,0,0,0,0,0,0,0.91,0,7.54,0,14.0,7.13,19.17,1.07,23.94,0
red wine,0,0,2.67,2.56,0,0,0,0.5,3.1,1.4,5.7,0.25,0,0,0,9.2,0,2.86,1.27,0.36,0,0,0,0,0,2.7,1.04,0,0,0,0.95,0.17,0,0.1,0
wine,0,0,2.33,1.22,0,0,0,0.3,1.4,0.62,3.2,0.25,0,0,0,4.8,0,1.67,1.09,0.18,0,0,0,0,0,1.28,0.55,0,0,0,0.59,0.48,0,0.06,0
monterey jack,33.33,0,222.33,0,0,0,0,0,0,0,0,0,0,0,0,0,0,0,0,0,0,0,0,0,0,0,0,38.46,0,33.33,0,26.83,0,32.82,0
pie,0,0,4.0,3.72,0,0,0,0,0,0,0,0,0,0,0,0,0,0,0,0,0,0,0,0,0,0.72,0,15.51,0,3.33,13.42,10.78,0,3.77,0
anise,0.53,23.33,215.33,205.56,0,0,0,34.0,29.0,19.12,65.0,2.5,0,0,15.94,176.0,0,40.48,48.18,9.09,0,115.0,0,0,0,30.64,0,20.38,0,0,18.18,0.7,52.14,24.79,0
skewer,0,0,0,0,0,0,0,0,0,0,0,0,0,0,0,0,0,0,0,0,0,0,0,0,0,4.45,0,10.53,0,18666.67,3.26,33.43,32.14,22.11,0
leafy green,0.17,1.33,4.33,4.5,0,0,0,3.8,8.6,10.29,13.0,3.0,20.0,0,0,28.4,0,3.1,12.64,14.18,0,0,0,0,0,2.96,6.27,9.41,0,7.67,2.35,13.57,3.21,11.42,0
butternut squash,353.33,23.56,15.67,4.72,0,0,0,0,0,0,0,0,0,0,0,0,0,0,0,0,0,0,0,0,0,0,0,0,0,0,4.29,0,8.57,1.66,0
lamb shank,0.27,0,2.33,7.11,5.0,0,0,10.0,9.6,25.56,9.4,0,100.5,0,8.66,62.8,0,4.52,35.27,11.64,0,0.4,0,0,0,6.09,0,14.62,0,22.0,0.03,3.3,0,28.31,0
marsala,119.0,0,0,0,0,0,0,0,0,0,0,0,0,0,0,0,0,0,0,0,0,0,0,0,0,0,0,73.21,0,0,0,76.52,0,0,0
roast,0.13,0,5.0,16.06,0,0,0,7.3,25.8,36.19,54.0,1.5,129.5,0,0,91.2,0,4.29,66.64,54.55,0,0,0,0,0,7.06,15.33,12.46,0,29.67,0,16.17,0,40.96,0
iced coffee,0,2.67,0,0,0,0,0,0,0,0,0,0,0,0,0,0,0,0,0,0,0,0,0,0,0,0,0,0,0,0,0,0,0,0,0
beef tenderloin,0,0,0,12.61,0,0,0,0,0,0,0,0,0,0,0,0,0,0,0,0,0,0,0,0,0,0,0,9.72,0,17.0,0,2.74,0,29.15,0
carrot,25.4,4.67,12.0,0.67,0,0,0,5.4,10.6,6.71,13.0,10.0,0,0,0,14.0,0,2.86,1.82,0,0,0,0,0,0,5.49,1.49,0.31,0,0,3.52,3.26,10.36,1.23,0
cocktail,1.77,3.22,19.33,2.28,0.5,0,0,2.1,2.5,11.29,15.7,4.5,44.5,0,0,95.6,0,5.95,9.18,52.0,0,0,0,0,0,3.91,14.44,1.56,0,39.67,2.88,21.83,1.43,18.65,0
sourdough,0,0,0,17.56,0,0,0,0,0,0,0,0,0,0,0,0,0,0,0,0,0,0,0,0,0,0,0,1.13,0,0,20.4,29.0,6.43,12.35,0
tree nut,6.67,33.33,2.67,0.89,0,0,0,0,30.0,21.88,17.9,3.75,0,0,1.26,1.6,0,1.19,2.82,1.64,0,26.95,0,0,0,0.11,0,0.09,0,0,3.93,10.48,13.21,0.41,0
plum,0.57,10.56,2.0,0.94,0,0,0,2.8,2.6,2.61,2.9,1.25,0,0,0,6.4,0,1.67,0.91,0,0,0,0,0,0,3.34,0.35,0.36,0,0,4.15,0,5.0,0.99,0
seed,7.93,6.78,20.33,3.33,0,0,0,29.0,17.0,33.12,29.8,12.25,0,0,16.32,49.6,0,11.9,7.55,0,0,6.6,0,0,0,18.62,0,2.95,0,0,11.64,1.0,17.14,7.46,0
pernod,0,0,68.33,17.56,0,0,0,0,0,0,0,0,0,0,0,0,0,0,0,0,0,0,0,0,0,2.11,0,26.79,0,21.0,5.75,18.7,4.64,10.69,0
phyllo,0,0,3.67,17.83,0,0,0,54.1,34.1,25.44,3.0,4.5,0,0,6.04,30.0,0,3.57,4.45,42.36,0,23.8,0,0,0,1.57,1.25,7.69,0,0,19.13,21.0,6.79,10.0,0
puff pastry dough,0,0,0,0,0,0,0,0,0,0,0,0,0,0,0,0,0,0,0,0,0,0,0,0,0,0,0,36.67,0,0,12.11,16.57,17.14,0,0
cashew,0,0,20.33,27.28,0,0,0,15.8,15.9,6.93,20.3,13.75,0,0,0,155.2,0,49.05,40.27,16.91,0,0,0,0,0,9.51,8.78,67.99,0,0,11.02,12.83,10.71,17.07,0
custard,2.73,0,39.0,1.67,7.0,0,0,4.8,19.0,0.59,5.0,2.5,20.5,0,0,48.4,0,2.86,5.36,13.09,0,0,0,0,0,3.36,10.75,4.67,0,26.67,3.99,3.65,0,7.15,0
macaroni and cheese,0.67,0,12.67,1.5,0,0,0,0,0,0,0,0,0,0,0,0,0,0,0,0,0,0,0,0,0,0,0,4.36,0,0.67,5.2,16.09,3.93,4.79,0
dairy,4.17,0.56,34.67,0,210.0,0,0,0,0,0,0,0,0,0,0,0,0,0,0,0,0,0,0,0,0,0,0,4.27,0,5.0,1.67,2.0,0,4.69,0
mint,0,0,0,0,0,0,0,0,0,0,0,0,0,0,0,0,0,0,0,0,0,0,0,0,0,0,0,0,0,0,38.18,0,0,0,0
lasagna,0,7.67,30.67,4.61,0,0,0,0,0,0,0,0,0,0,0,0,0,0,0,0,0,0,0,0,0,0,0,5.32,0,6.0,3.67,8.83,3.21,7.79,0
grapefruit,0,0,0,0,0,0,0,0,0,0,0,0,0,0,0,0,0,0,0,0,0,0,0,0,0,0,0,0,0,0,3.93,0,0,0,0
new york,0,0,8.33,2.11,0,0,0,13.7,10.1,33.06,27.3,0,138.5,0,0,98.4,0,6.67,5.0,0,0,0.9,0,0,0,8.87,0,3.5,0,20.0,0,1.96,0,29.86,0
thyme,0,0,0,0,0,0,0,0,0,0,0,0,0,0,0,0,0,0,0,0,0,0,0,0,0,0,0,0,0,0,0,0,0,0,0
horseradish,0,27.67,18.67,2.33,0,0,0,0.8,2.4,2.41,7.3,14.25,0,0,0,12.4,0,6.43,7.55,5.09,0,0,0,0,0,5.23,1.18,0.88,0,0,4.11,18.26,11.79,1.66,0
nutmeg,0,0,0,0,0,0,0,0,0,0,0,0,0,0,0,0,0,0,0,0,0,0,0,0,0,0,0,128.21,0,0,0,0,0,0,0
octopus,1.17,3.33,18.33,27.33,0,0,0,16.5,10.2,15.9,25.9,11.75,647.5,0,0,65.6,0,6.67,13.0,67.64,0,0,0,0,0,6.17,10.24,16.62,0,14.33,4.87,22.52,1.79,18.66,0
candy,0,0,0,0,0,0,0,0,0,0,0,0,0,0,0,0,0,0,0,0,0,0,0,0,0,0,0,0,0,0,30.29,0,0,0,0
mushroom,0,0,9.0,4.89,0,0,0,0,0,0,0,0,0,0,0,0,0,0,0,0,0,0,0,0,0,7.15,0,7.94,0,0,1.93,15.78,3.21,1.24,0
pear,0.03,4.78,3.0,1.0,0,0,0,1.2,2.6,1.01,2.8,1.75,0,0,0,4.4,0,1.67,0.82,0.18,0,0,0,0,0,2.21,0.93,0.19,0,0,5.52,0.13,11.07,0.52,0
pork tenderloin,0,1.22,0,0,0,0,0,0,0,0,0,0,0,0,0,0,0,0,0,0,0,0,0,0,0,0,0,2.86,0,18.0,0.97,13.22,0,25.21,0
bread,0,0,0,26.78,0,0,0,0,0,0,0,0,0,0,0,0,0,0,0,0,0,0,0,0,0,0,0,6.87,0,0,24.04,27.17,12.86,15.07,0
cottage cheese,5.9,0,29.33,0,0,0,0,0,0,0,0,0,0,0,0,0,0,0,0,0,0,0,0,0,0,2.26,0,5.67,0,7.33,1.29,18.87,0,16.2,0
butter,117.67,4.67,8.0,7.06,0,0,0,0,0,0,0,0,0,0,0,0,0,0,0,0,0,0,0,0,0,0,0,0,0,0,0.85,0,4.29,1.66,0
yellow squash,6.67,18.67,3.33,2.0,0,0,0,0,0,0,0,0,0,0,0,0,0,0,0,0,0,0,0,0,0,0,0,0,0,0,1.09,0.43,3.57,1.41,0
fontina,8.7,0,183.33,1.28,3.0,0,0,2.1,20.4,0.94,8.3,1.5,84.0,0,0,138.4,0,3.33,31.82,26.36,0,0,0,0,0,1.36,2.8,39.92,0,38.67,0.56,34.78,0,36.06,0
orange,0,0,0,0,0,0,0,0,0,0,0,0,0,0,0,0,0,0,0,0,0,0,0,0,0,0,0,0,0,0,32.91,16.57,0,6.7,0
cognac,0,0,23.67,39.67,0,0,0,0,0,0,0,0,0,0,0,0,0,0,0,0,0,0,0,0,0,17.47,0,59.49,0,0,15.6,3.87,25.36,5.03,0
armagnac,222.33,0,0,33.33,0,0,0,0,0,0,0,0,0,0,0,0,0,0,0,0,0,0,0,0,0,0,0,47.05,0,50.0,0,32.61,0,16.48,0
sake,0,0,1.67,0.56,0,0,0,0,0,0,0,0,0,0,0,2.4,0,1.43,0.18,2.55,0,0,0,0,0,0.53,0,0,0,0,1.82,0.09,0,0.7,0
poultry sausage,0.03,0,3.33,0.5,0,0,0,2.4,5.3,1.78,2.5,0.5,0,0,0,8.0,0,0.71,0.73,0.73,0,0,0,0,0,0.89,0.67,3.36,0,1.67,1.92,16.91,0.36,1.0,0
kosher,0.13,2.33,18.0,1.28,0,0,0,4.7,5.7,0.68,3.4,2.0,0,0,4.0,6.4,0,1.69,1.0,0,0,2.8,0,0,0,2.38,0,0.55,0,0,0.72,35.13,3.57,0.68,0
pumpkin,0,0,8.33,8.33,0,0,0,0,0,0,0,0,0,0,0,0,0,0,0,0,0,0,0,0,0,4.43,0,0,0,0,3.03,0.17,8.93,1.17,0
bran,0,0,31.67,21.94,0,0,0,46.3,31.0,27.93,9.2,42.75,0.5,0,0,48.8,0,10.48,9.55,57.82,0,0,0,0,0,3.4,4.82,7.69,0,0,16.22,19.91,13.57,13.52,0
pasta maker,0,0,2.33,7.06,0,0,0,27.2,13.5,10.49,4.9,29.5,0,0,0,23.2,0,4.29,4.64,47.64,0,0,0,0,0,0.94,1.16,1.18,0,0,11.16,10.09,6.43,8.11,0
margarita,0,2.22,0.67,0.5,0,0,0,1.1,0.8,0.02,0,0,0,0,0,2.0,0,0.24,0.55,0.55,0,0,0,0,0,0.47,0.13,0.1,0,0,5.84,8.87,0,0.11,0
beer,0,0,1.33,0.11,0,0,0,0.5,2.5,3.21,4.6,1.5,1.0,0,0,5.6,0,1.43,0.09,1.09,0,0,0,0,0,0.57,1.84,0,0,0,1.29,0.17,0,0.65,0
soup,16.03,10.67,10.67,4.83,0,0,0,0,0,0,0,0,0,0,0,0,0,0,0,0,0,0,0,0,0,0,0,7.4,0,4.67,1.87,13.78,4.64,1.8,0
stew,4.4,7.78,4.67,2.56,0,0,0,6.1,9.2,18.11,27.0,3.5,4.5,0,0,37.2,0,4.29,5.36,16.0,0,0,0,0,0,5.34,6.18,3.0,0,12.33,2.29,13.43,4.64,13.01,0
grappa,0,0,0,0,0,0,0,0,0,0,0,0,0,0,0,0,0,0,0,0,0,0,0,0,0,0,0,0,0,0,0,0,0,0,0
clove,0.27,0.22,210.67,65.56,0,0,0,15.8,22.0,9.75,39.1,6.25,0,0,10.18,41.6,0,61.67,21.09,13.09,0,3005.0,0,0,0,21.7,6.8,16.67,0,0,23.82,12.04,121.07,8.41,0
grand marnier,0,0,4.0,0,0,0,0,0,0,0,0,0,0,0,0,0,0,0,0,0,0,0,0,0,0,0.87,0,0,0,0,21.38,0,21.07,0,0
tuna,12.57,6.33,12.67,3.78,0,0,0,0,0,0,0,0,0,0,0,0,0,0,0,0,0,0,0,0,0,0,0,4.83,0,1.67,3.78,19.26,3.21,7.97,0
mustard greens,204.0,52.33,35.33,6.56,0,0,0,0,0,0,0,0,0,0,0,0,0,0,0,0,0,0,0,0,0,7.51,0,0,0,0,1.71,1.04,12.5,4.97,0
oyster,3.33,2.0,32.33,13.44,2.0,0,0,14.8,11.3,11.47,7.0,11.5,97.5,0,0,26.8,0,4.29,91.09,22.73,0,0,0,0,0,2.89,4.4,13.78,0,3.33,6.69,21.87,4.29,6.97,0
melon,2.93,13.67,2.33,1.44,0,0,0,4.0,2.0,2.69,5.8,3.0,0,0,0,5.2,0,2.62,1.91,1.64,0,0,0,0,0,3.53,1.16,0.21,0,0,3.01,0.7,2.5,0.93,0
chicken,0,0,0,0,0,0,0,0,0,0,0,0,0,0,0,0,0,0,0,0,0,0,0,0,0,0,0,2.29,0,15.0,0,7.78,0,30.14,0
squash,0.57,3.78,7.0,1.83,0,0,0,3.7,2.1,4.9,11.2,2.0,0,0,0,5.6,0,2.62,1.73,0.55,0,0,0,0,0,2.43,1.36,3.59,0,0.67,2.28,6.0,5.0,0.92,0
chile,2.37,44.33,67.67,3.72,0.5,0,0,11.7,18.2,5.99,13.3,9.25,18.0,0,0,59.2,0,3.57,10.55,14.0,0,0,0,0,0,2.53,2.05,22.05,0,10.0,3.77,19.35,2.5,11.04,0
breadcrumbs,0,0,0,0,0,0,0,0,0,0,0,0,0,0,0,0,0,0,0,0,0,0,0,0,0,0,0,0,0,0,0,0,0,0,0
lima bean,0,0,5.33,12.39,0,0,0,14.2,4.9,2.33,14.2,18.25,0,0,0,41.2,0,9.52,8.0,7.64,0,0,0,0,0,10.04,5.49,8.79,0,0,7.05,9.48,23.21,10.21,0
rhubarb,0.13,6.33,24.33,1.11,0,0,0,1.4,2.8,1.51,2.0,1.0,0,0,0,5.2,0,2.62,0.82,2.0,0,0,0,0,0,4.96,1.0,0.28,0,0,6.35,0.17,5.71,1.14,0
cod,3.93,3.89,11.67,4.72,0,0,0,0,0,0,0,0,0,0,0,0,0,0,0,0,0,0,0,0,0,0,0,3.77,0,10.67,1.92,18.17,2.14,17.46,0
sherry,0,0,0,0,0,0,0,0,0,0,0,0,0,0,0,0,0,0,0,0,0,0,0,0,0,0,0,0,0,0,0,0,0,0,0
pecan,0.1,1.22,23.33,14.06,0,0,0,66.0,13.0,7.31,21.0,5.5,0,0,17.26,110.8,0,28.81,41.18,6.91,0,225.0,0,0,0,8.72,7.36,92.31,0,0,5.05,0,34.29,12.92,0
vegetable,202.33,6.33,9.33,4.61,0,0,0,6.1,6.9,4.87,10.0,10.0,0,0,5.2,11.2,0,5.0,2.36,1.27,0,0,0,0,0,3.57,2.44,0.26,0,0,2.47,1.35,5.36,3.24,0
green onion,1.67,20.89,24.0,8.22,0,0,0,5.5,8.0,3.28,6.1,16.0,0,0,0,14.8,0,4.76,3.55,1.09,0,0,0,0,0,5.87,1.04,0.24,0,0,2.67,0.7,9.29,2.58,0
scallion,1.67,20.89,24.0,8.22,0,0,0,5.5,8.0,3.28,6.1,16.0,0,0,1.5,14.8,0,4.76,3.55,1.09,0,8.0,0,0,0,5.87,1.04,0.24,0,0,2.67,0.7,9.29,2.58,0
rum,0,0,0,0.22,0,0,0,0.6,0.4,0.08,0.1,0,0,0,0,1.6,0,0,0.36,0,0,0,0,0,0,0.04,0,0,0,0,0,0.04,0,0,0
fruit,0.67,10.56,26.67,1.06,3.0,0,0,4.2,10.0,1.94,7.1,2.25,14.0,0,0,26.8,0,3.33,3.36,2.73,0,0,0,0,0,3.7,2.15,1.41,0,1.33,4.36,1.22,3.93,3.27,0
stuffing,2.57,0,10.0,6.06,2.0,0,0,13.6,10.7,9.22,4.0,11.25,1.0,0,0,16.4,0,2.86,2.36,24.73,0,0,0,0,0,1.53,0.93,10.91,0,0,7.89,20.48,3.21,4.42,0
dressing,0,0,0,0,0,0,0,0,0,0,0,0,0,0,0,0,0,0,0,0,0,0,0,0,0,0,0,25.64,0,0,10.91,55.22,0,0,0
passion fruit,37.0,37.0,0,6.67,0,0,0,0,0,0,0,0,0,0,0,0,0,0,0,0,0,0,0,0,0,0,0,0,0,0,2.43,0.26,0,1.56,0
pizza,22.63,0.44,14.33,12.17,0,0,0,0,0,0,0,0,0,0,0,0,0,0,0,0,0,0,0,0,0,1.68,0,12.82,0,7.0,10.15,17.7,5.0,15.07,0
fruit juice,1.4,0.56,0,1.72,0,0,0,0,0,0,0,0,0,0,0,0,0,0,0,0,0,0,0,0,0,1.89,0,0,0,0,4.95,0.26,1.43,0,0
steak,0,0,0,0,0,0,0,0,0,0,0,0,0,0,0,0,0,0,0,0,0,0,0,0,0,0,0,0,0,0,40.36,0,0,0,0
celery,6.07,9.11,12.0,1.83,0,0,0,0,0,0,0,0,0,0,0,0,0,0,0,0,0,0,0,0,0,0,0,0,0,0,1.32,4.57,6.43,0,0
radish,0,16.44,8.33,1.89,0,0,0,1.2,3.9,1.59,7.1,6.25,0,0,0,8.0,0,2.38,2.55,1.09,0,0,0,0,0,4.96,1.18,0.13,0,0,1.24,1.7,5.71,0.96,0
goat cheese,59.67,4.78,238.0,0,0,0,0,0,0,0,0,0,0,0,0,0,0,0,0,0,0,0,0,0,0,0,0,41.15,0,32.0,0,29.52,0,35.21,0
coconut,0,0,0,10.72,0,0,0,0,0,0,0,0,0,0,0,0,0,0,0,0,0,0,0,0,0,0,0,45.77,0,0,16.87,11.35,12.86,5.03,0
lime,3.67,5.56,13.0,7.44,7.5,0,0,9.7,26.7,0.82,6.2,9.0,25.0,0,0,58.0,0,4.76,11.36,35.64,0,0,0,0,0,3.04,30.69,19.26,0,83.33,14.48,3.43,2.86,12.42,0
rabbit,0,0,6.67,13.06,0,0,0,6.0,16.9,44.39,33.7,2.25,323.0,0,0,89.6,0,4.76,21.36,69.45,0,0,0,0,0,6.34,21.85,10.69,0,28.33,0,14.96,0,42.45,0
cantaloupe,124.33,39.78,5.0,1.5,0,0,0,0,0,0,0,0,0,0,0,0,0,0,0,0,0,0,0,0,0,0,0,0,0,0,3.26,0.83,2.5,1.06,0
cinco de mayo,0,0,60.0,24.83,0,0,0,0,0,0,0,0,0,0,0,175.6,0,43.33,31.09,0,0,85.0,0,755.56,0,31.7,0,1.1,0,0,0,0,14.29,32.82,0
candy thermometer,10.1,1.89,71.0,6.06,0,0,0,0,0,0,0,0,0,0,0,60.0,0,0,0,0,0,0,0,0,0,7.26,0,27.18,0,9.0,23.2,5.3,4.29,8.72,0
ginger,0,0,0,0,0,0,0,0,0,0,0,0,0,0,0,0,0,0,0,0,0,0,0,0,0,0,0,0,0,0,0,0,0,0,0
squid,6.07,0,24.33,7.28,0,0,0,0,0,0,0,0,0,0,0,0,0,0,0,0,0,0,0,0,0,0,0,21.03,0,9.0,1.32,27.65,0,20.56,0
potato,2.13,0.56,11.0,4.17,2.5,0,0,10.7,14.3,6.2,9.3,5.75,14.0,0,0,30.8,0,3.1,4.0,11.45,0,0,0,0,0,4.66,9.76,14.51,0,24.67,4.91,9.52,5.36,5.48,0
peanut butter,0,0,16.33,9.67,0,0,0,15.0,19.2,81.95,44.1,21.75,0,0,0,134.0,0,40.0,22.82,7.45,0,0,0,0,0,11.87,11.45,65.85,0,0,8.11,18.52,17.86,31.28,0
biscuit,22.23,0,133.33,13.33,0,0,0,0,0,0,0,0,0,0,0,0,0,0,0,0,0,0,0,0,0,0,0,25.64,0,17.67,12.11,24.35,4.64,11.27,0
sesame,0.07,0,6.33,3.33,0,0,0,0,0,0,0,0,0,0,0,14.8,0,0,0.91,2.91,0,0,0,0,0,3.34,0.73,57.95,0,0,3.13,43.48,3.57,4.37,0
chambord,0,0,0,0,0,0,0,0,0,0,0,0,0,0,0,0,0,0,0,0,0,0,0,0,0,0,0,0,0,0,20.44,0,0,0,0
chocolate,0,0,74.0,22.22,0,0,0,0,0,0,0,0,0,0,0,0,0,0,0,0,0,0,0,0,0,0,0,35.64,0,9.33,22.22,3.61,0,7.83,0
orzo,0,0,0,17.83,0,0,0,100.0,30.4,33.5,0,0,0,0,0,0,0,0,0,0,0,0,0,0,0,0,0,2.29,0,0,28.58,0,12.86,17.61,0
venison,0.23,0,5.67,13.5,2.5,0,0,40.7,28.3,45.44,37.8,1.25,87.5,0,0,75.6,0,4.52,34.45,19.09,0,0,0,0,0,6.11,14.47,32.15,0,30.0,0,36.04,0,28.49,0
brown rice,0,0,0,4.44,0,0,0,0,0,0,0,0,0,0,0,0,0,0,0,0,0,0,0,0,0,0,0,4.27,0,0,27.49,0,23.93,12.52,0
maple syrup,0,0,33.33,0,0,0,0,0,0,0,0,0,0,0,0,0,0,0,0,0,0,0,0,0,0,6.02,0,0,0,0,31.53,0.09,0,0,0
crab,0.03,3.67,30.33,2.78,0,0,0,2.3,9.3,17.17,15.6,12.75,166.5,0,0,93.6,0,8.57,34.64,78.0,0,0,0,0,0,5.51,14.71,0.95,0,32.33,0,17.17,0,25.18,0
soufflé,2.4,0,0,2.67,0,0,0,0,0,0,0,0,0,0,0,0,0,0,0,0,0,0,0,0,0,0,0,22.18,0,46.67,9.71,7.43,9.64,7.51,0
meringue,0,0,0,0,0,0,0,0,0,0,0,0,0,0,0,0,0,0,0,0,0,0,0,0,0,0,0,0,0,0,24.25,2.09,0,0,0
game,0,0,1.0,17.72,0,0,0,32.0,58.0,0,0,0,0,0,0,75.2,0,6.43,11.64,17.64,0,1.0,0,0,0,7.51,0,2.6,0,31.67,0,2.22,0,31.55,0
quail,2.33,2.56,5.0,24.5,1.0,0,0,21.9,29.9,49.29,61.7,1.5,18.0,0,0,111.2,0,5.24,28.09,39.45,0,0,0,0,0,4.57,11.93,18.0,0,28.67,0,9.3,0,35.21,0
poblano,0,0,31.67,21.11,0,0,0,0,0,0,0,0,0,0,0,0,0,0,0,0,0,0,0,0,0,17.32,0,51.28,0,0,12.47,33.52,20.36,8.04,0
frangelico,5.43,0.78,3.67,2.17,0,0,0,0,0,0,0,0,0,0,0,0,0,0,0,0,0,0,0,0,0,0,0,26.41,0,13.67,1.38,12.74,0,16.9,0
peach,7.4,5.89,7.33,8.89,0,0,0,0,15.1,11.12,0,9.0,0,0,0,0,0,0,0,0,0,0,0,0,0,0,0,28.46,0,22.33,19.38,14.96,7.86,6.25,0
asian pear,0,4.22,1.33,0,0,0,0,0.9,1.0,1.37,2.2,2.0,0,0,0,4.4,0,1.9,0.18,0.18,0,0,0,0,0,2.57,0.93,0.29,0,0,3.87,0,12.86,0.7,0
vermouth,0,0,0,0,0,0,0,0,0,0,0,0,0,0,0,0,0,0,0,0,0,0,0,0,0,0,0,14.23,0,0,0,72.61,0,0,0
molasses,0,0,68.33,26.22,0,0,0,4.1,0.2,5.81,67.0,0,0,0,0,12.4,0,57.62,2.64,32.36,0,0,0,0,0,31.15,2.42,0.13,0,0,27.17,1.61,0,0,0
swiss cheese,29.0,0,290.0,0,0,0,0,0,0,0,0,0,0,0,0,0,0,0,0,0,0,0,0,0,0,0,0,33.46,0,29.0,1.58,8.52,0,36.76,0
okra,11.67,13.33,26.67,3.0,0,0,0,0,0,0,0,0,0,0,0,0,0,0,0,0,0,0,0,0,0,0,0,0,0,0,2.91,0.13,3.57,4.23,0
berry,0.1,19.33,5.67,3.06,0,0,0,2.9,4.0,4.36,5.1,5.0,0,0,0,8.0,0,3.33,1.55,0.73,0,0,0,0,0,2.64,1.44,0.44,0,0,4.53,0.04,14.64,1.07,0
beef rib,0.27,0,5.0,10.11,35.0,0,0,3.0,9.0,26.94,25.5,0,58.5,0,5.86,73.6,0,4.76,35.91,5.27,0,0.3,0,0,0,7.17,0,8.69,0,19.0,0,2.35,0,30.0,0
broil,4.2,0,16.33,11.22,0,0,0,1.6,4.7,2.58,4.0,1.25,595.5,0,0,98.4,0,5.71,5.82,69.09,0,0,0,0,0,1.23,14.75,7.35,0,13.67,1.61,12.39,0,25.68,0
granola,0,0,23.67,21.44,0,0,0,0,0,0,0,0,0,0,0,0,0,0,0,0,0,0,0,0,0,0,0,36.67,0,0,16.87,3.87,25.36,20.14,0
gouda,35.67,0,238.0,0,0,0,0,0,0,0,0,0,0,0,0,0,0,0,0,0,0,0,0,0,0,0,0,41.15,0,35.67,0,40.39,0,35.21,0
kale,516.67,135.56,44.33,8.83,0,0,0,0,12.0,6.62,26.5,7.0,0,0,0,21.2,0,8.33,0,0,0,50.0,0,0,0,9.51,0,1.13,0,0,3.54,1.91,6.43,4.99,0
honeydew,0.1,20.0,2.0,0.94,0,0,0,3.8,1.2,2.61,8.8,4.75,0,0,0,4.4,0,2.38,0.82,1.27,0,0,0,0,0,4.85,1.38,0.18,0,0,3.31,0.78,2.86,0.76,0
pomegranate juice,0,11.33,14.0,0,220.0,0,0,0,0,0,0,0,0,0,0,0,0,0,0,0,0,0,0,0,0,6.19,0,0,0,0,4.47,0,0,0,0
yogurt,70.67,0,44.0,0,0,0,0,0,15.0,0,0,0,18.5,0,0,0,0,3.1,5.64,0,0,0,0,0,0,3.28,0,4.51,0,5.0,1.6,2.09,0,4.96,0
london,0,0,12.0,8.94,0,0,0,0,0,0,0,0,0,0,0,0,0,0,0,0,0,0,0,0,0,0,0,5.72,0,19.33,0.32,24.83,0,30.14,0
chile pepper,883.33,34.89,15.0,33.56,0,0,0,8.1,120.0,54.19,81.0,12.75,0,0,19.12,63.6,0,20.95,9.27,6.36,0,41.05,0,0,0,39.79,15.33,7.45,0,0,25.42,3.96,102.5,14.93,0
tea,0,0,0,0,0,0,0,0,0,0,0,0,0,0,0,0,0,0,0,0,0,0,0,0,0,0,0,0,0,0,3.08,0.09,0,0,0
whiskey,0,0,0,0.22,0,0,0,0.6,0.4,0.08,0.1,0,0,0,0,1.6,0,0,0.36,0,0,0,0,0,0,0.04,0,0,0,0,0,0.04,0,0,0
green bean,8.27,0,5.67,1.67,0,0,0,0,0,0,0,0,0,0,0,0,0,0,0,0,0,0,0,0,0,0,0,0,0,0,1.5,14.0,6.07,0,0
curry,0,0,0,0,0,0,0,0,0,0,0,0,0,0,0,0,0,0,0,0,0,0,0,0,0,0,0,0,0,0,0,0,0,0,0
iced tea,0,0,0,0,0,0,0,0,0,0,0,0,0,0,0,0,0,0,0,0,0,0,0,0,0,0,0,0,0,0,0,0,0,0,0
apple juice,0,36.11,0,0,0,0,0,0,0,0,0,0,0,0,0,0,0,0,0,0,0,0,0,0,0,2.66,0,0,0,0,4.25,0.65,0,0,0
broccoli rabe,0,0,26.67,6.56,0,0,0,0,0,0,0,0,0,0,0,0,0,0,0,0,0,0,0,0,0,7.32,0,0,0,0,1.71,1.78,8.57,3.31,0
herb,0.03,0,0.67,0.44,0,0,0,1.0,0.4,0,0,0.25,0,0,0.22,0,0,0.24,0.36,0,0,2.2,0,0,0,0.19,0,0,0,0,0.07,0.04,0,0,0
goose,0,0,0,0,0,0,0,0,0,0,0,0,0,0,0,0,0,0,0,0.36,0,0,0,0,0,0,0,127.95,0,33.33,0,0,0,0,0
bacon,0,0,0,0,0,0,0,0,0,0,0,0,0,0,0,0,0,0,0,0,0,0,0,0,0,0,0,59.87,0,33.33,0,78.26,0,46.9,0
brussel sprout,1.27,94.44,14.0,7.78,0,0,0,13.9,9.0,4.66,21.9,15.25,0,0,0,27.6,0,5.48,3.82,2.91,0,0,0,0,0,8.28,3.47,0.38,0,0,3.25,1.09,13.57,4.76,0
sesame oil,0,0,0,0,0,0,0,0,0,0,0,0,0,0,0,0,0,0,0,0,0,0,0,0,0,0,0.04,128.21,0,0,0,0,0,0,0
jam or jelly,0,6.11,3.67,1.61,0,0,0,0.9,3.8,0.38,1.9,1.25,0,0,0,3.6,0,1.19,0.55,1.64,0,0,0,0,0,1.3,1.65,0.04,0,0,24.41,1.13,3.57,0.25,0
ice cream machine,2.27,0.33,33.0,2.67,1.0,0,0,5.4,24.0,2.6,3.8,4.5,12.5,0,0,44.8,0,2.14,4.27,5.45,0,0,0,0,0,2.57,5.15,16.24,0,14.67,14.28,8.52,1.79,4.15,0
egg,0,0,42.67,0,0,0,0,0,0,0,0,0,0,0,0,0,0,0,0,0,0,0,0,0,0,0,0,36.92,0,10.67,20.98,7.65,11.43,9.03,0
prune,3.33,4.78,10.33,15.56,0,0,0,4.0,0,15.62,0,0,0,0,8.6,28.8,0,0,0,0,0,0,0,0,0,18.13,0,0.26,0,0,23.67,1.0,11.79,2.96,0
shellfish,2.1,0,21.33,2.94,0.5,0,0,6.7,4.0,13.63,17.2,7.0,51.5,0,0,109.2,0,6.19,10.09,60.55,0,0,0,0,0,2.79,16.45,8.55,0,46.67,1.78,15.13,0.71,21.77,0
pea,2.57,0,41.0,21.11,0,0,0,61.4,31.4,31.62,54.8,34.5,0,0,0,108.0,0,24.29,30.09,13.09,0,0,0,0,0,15.57,10.53,18.09,0,0,22.62,13.04,13.57,19.87,0
chestnut,0,26.67,0,4.0,0,0,0,0,0,0,0,0,0,0,0,0,0,0,0,0,0,0,0,0,0,0,0,1.28,0,0,16.0,0,21.43,5.63,0
pastry,0,0,3.33,14.44,0,0,0,32.3,25.8,23.75,1.9,21.75,0,0,0,24.0,0,3.81,4.91,44.55,0,0,0,0,0,1.32,1.13,49.36,0,0,16.62,11.0,5.36,10.42,0
yuca,0,0,4.0,7.06,0,0,0,0,0,0,0,0,0,0,0,0,0,0,0,0,0,0,0,0,0,7.51,0,0,0,0,10.69,0,12.5,1.66,0
salsa,35.67,23.78,0,7.17,0,0,0,0,0,0,0,0,0,0,0,0,0,0,0,0,0,0,0,0,0,0,0,4.58,0,0,2.6,35.7,0,0,0
banana,0,16.67,41.67,6.22,0,0,0,0,0,0,0,0,0,0,0,0,0,0,0,0,0,0,0,0,0,0,0,8.01,0,0,14.76,25.83,22.14,17.61,0
coffee,29.77,0,16.0,0,0,0,0,0,0,0,0,0,0,0,0,0,0,0,0,0,0,0,0,0,0,0,0,30.51,0,35.67,7.78,4.39,0,3.35,0
